Country,min_mse_female_validation_RotatedLC,min_mse_male_validation_RotatedLC,mse_male_test_RotatedLC,mse_female_test_RotatedLC,min_mse_female_validation_LCwithGAM,min_mse_male_validation_LCwithGAM,mse_male_test_LCwithGAM,mse_female_test_LCwithGAM,mse_male_test_NN_non_boost,mse_female_test_NN_non_boost,mse_male_test_NN_boost,mse_female_test_NN_boost
AUS,0.0192528282662434,0.0381910742469378,0.108290070732072,0.0424770083936386,0.0213834696025763,0.0190030598179484,0.164271614359687,0.0602519071794993,0.0254372065618827,0.0556004996753243,0.0247058717284487,0.050250736843181
AUT,0.0456820710070839,0.0268506222126251,0.0985314174667789,0.0822022249499774,0.0486646351352646,0.0267657306930365,0.105536247077952,0.105522036256703,0.0583956047698371,0.0602627999587557,0.0568992894836899,0.0580775171335946
BEL,0.0402615969700914,0.0283964284989084,0.0888184365765865,0.0778465113436163,0.0403915555517992,0.0239764520471651,0.0894871562401485,0.110102071725032,0.0439040376889037,0.0362306909575503,0.0432170393439927,0.0344879810211401
BGR,0.0493570377198485,0.0943935378645499,0.267107901030198,0.0949684208933906,0.0481612036015947,0.0302248042042306,0.0963397900782559,0.10869041119055,0.050080563407862,0.0610625640359636,0.0429462901430719,0.0503302896962826
BLR,0.0782585419442479,0.0953822813621993,0.301552032893203,0.243072395515978,0.0438538909450658,0.0513877062789855,0.2638420148932,0.160001843808462,0.0616039894956664,0.0545574202661815,0.0561170497218855,0.0542807995519832
CAN,0.0134900983233626,0.0250936543916776,0.0676722827581497,0.0420875192671529,0.0164470537002387,0.0132708962643499,0.0735038711694413,0.0820347028703362,0.0138700283752247,0.0420888658844801,0.0153877639909038,0.0415417059125132
CHE,0.0592744430929632,0.0562944921882902,0.216389891376682,0.118772910582482,0.0583660658941663,0.0491994129433982,0.315315840498914,0.231137262940164,0.0680725569863115,0.0589033579569837,0.0639439816506175,0.0567383563345479
CZE,0.0428837977002083,0.0483013261475031,0.240788008219089,0.177156317864619,0.041545731689253,0.0370975792107493,0.2206336402256,0.16694917514854,0.0384628978804022,0.0392593412459084,0.0386062654123891,0.04083534574303
DEUTE,0.0679572998855589,0.077042377169148,0.364581511458658,0.265906407328393,0.0646194434281613,0.0516398515184269,0.342547445871828,0.260222321664301,0.0732513327054992,0.0593512166063431,0.0776676043581049,0.0605481636447636
DEUTW,0.00855952114566512,0.016562768020858,0.112767716230039,0.0241362734825128,0.0103934483150141,0.0171906951269023,0.110821947743851,0.0297661156142558,0.0130212663596999,0.0226365159908561,0.0132966960481026,0.0224164018925602
DNK,0.0690613341293612,0.0652611985905435,0.311899954175246,0.24397400824998,0.0584400216211932,0.0495556856789926,0.259740175335033,0.185649151066439,0.0647564887228111,0.0625394217730058,0.0667341790455232,0.0629442496313772
ESP,0.0233127190720295,0.104960288134945,0.58055758583906,0.0404438448753166,0.0240590724925059,0.0601668273840628,0.732973543833741,0.101964352477732,0.0453384335429895,0.0583971214622484,0.0332689922285312,0.0504879402393267
EST,0.140683116258772,0.12177535971011,0.406922607597731,0.375396858120944,0.130626515558289,0.108353730932584,0.326194972162766,0.365308484677812,0.134535686308132,0.0914124213362783,0.133848507663208,0.0937026849980625
FIN,0.0775906187436371,0.0552757637957254,0.119611918768177,0.134654191773475,0.0773253922038722,0.04552141973628,0.117461707492539,0.170346693211794,0.0769482207517453,0.0592923750757739,0.0733701170374004,0.0569571520760578
FRATNP,0.0134013503551711,0.0253769425108587,0.0949181602276273,0.0429420372163395,0.0112223210674009,0.0162986693828456,0.0984553019280058,0.0944854815681782,0.0239032583962368,0.0262015412438368,0.0222199033930243,0.0241061044377294
GBRTENW,0.0114183522372448,0.0407464094067232,0.111151294464983,0.0322769805797491,0.00926165986082698,0.00915146241656227,0.0807451861604065,0.0436711667540054,0.0139458925324032,0.0336519541761526,0.0126038410878373,0.0292807102746042
GBR_NIR,0.132404719935946,0.112278967191601,0.180143607457415,0.186899172544766,0.122352980605431,0.083614351252815,0.217922346973338,0.181496725039261,0.125314468259365,0.108988859334712,0.125352973542741,0.105792604535462
GBR_NP,0.0103102964768666,0.039871163657352,0.110716516496876,0.0306536269558006,0.00806339591048421,0.00802110658453026,0.0806180588298611,0.0414056725010089,0.0130227352378331,0.0322988245180941,0.0114083333554735,0.0280771058621336
GBR_SCO,0.065307544305273,0.0914738964766981,0.201774816283155,0.130029973399706,0.0683002882334873,0.043230383509216,0.182690795800916,0.150436172275131,0.0622560208171514,0.0747660061539436,0.0574280840527609,0.0662136031402072
HUN,0.079277997172517,0.191303796310439,0.524148915010971,0.320400630990992,0.0460783276945142,0.044630824122892,0.484579801092868,0.305577101451518,0.0538805957586839,0.0642276027914064,0.0520168103347206,0.0621546567812701
IRL,0.0889792915609301,0.0971702814953728,0.19300247239116,0.136205499616477,0.0924637595948059,0.0510101874425568,0.147320100743209,0.221923741166715,0.0927167863781046,0.0831039626366691,0.0855753853293155,0.072591450334065
ISL,0.277157014714492,0.228590562766166,0.314332845936517,0.45756045787964,0.232800984852777,0.210889508105547,0.318584163303883,0.832736830406493,0.191033416629591,0.223026344264151,0.184347512644235,0.223666900925153
ITA,0.0221888194255103,0.0430023611823281,0.088648185395785,0.0324352410345836,0.0309025325520766,0.029636160541094,0.118032541662658,0.173754437469052,0.0329962516626568,0.0440900824805319,0.0238390039903281,0.0356521766049933
JPN,0.0238233213483461,0.0245538062236521,0.133559827342321,0.139521186265405,0.0147937031702755,0.0196607609195422,0.122643435522277,0.0900716564092891,0.0378702683466607,0.014490256368464,0.0211671693631574,0.00875613723743169
LTU,0.0906728355079062,0.0974418033946584,0.325787489462848,0.204813320031602,0.0681565730078027,0.0553229631307125,0.163001564578156,0.115958112548298,0.0680408889768163,0.0501954820407206,0.0652754682637265,0.0502767882211085
LUX,0.1974889684706,0.138609002791217,0.420698652167252,0.22465756976118,0.188803247594542,0.136737435847686,0.417493880338653,0.220373318914973,0.150083415068149,0.140701070906938,0.149505628151318,0.13932189763388
LVA,0.0724504420411893,0.0836448674812458,0.409784899542674,0.29853152133765,0.0581964645904612,0.0702881053322583,0.360833586717617,0.281130217190378,0.0681595928571149,0.0654267686960222,0.0660157631578249,0.0683283257652422
NLD,0.0260613372087652,0.026520537024197,0.12924029377648,0.0581392422520061,0.0276654743661031,0.0166135183508205,0.122799629714798,0.0589387394863671,0.0321580127106805,0.0297825888854461,0.0296424613692276,0.0309505327628226
NOR,0.0793726066282846,0.0810918650520667,0.2356593957657,0.125271827805983,0.0781916025319763,0.0644847755252947,0.207548635400569,0.143910280989241,0.0798656774344488,0.0858616057429944,0.075916347724597,0.0849981068978358
NZL_NP,0.0575023887625118,0.070456248390463,0.210251455779636,0.105329901617134,0.0580993625719761,0.0658593104435723,0.220492522486364,0.118205620712657,0.0689929962076634,0.0760841048188049,0.068626714804515,0.0710380672807302
POL,0.0218071847588503,0.0828235856485546,0.365709474637237,0.100774979029817,0.0150921645649066,0.0216770374538031,0.26878360422841,0.11586277481552,0.0153752903644614,0.0183869371705303,0.0181862446795711,0.0200342765564035
PRT,0.0291058076786424,0.0575570049546931,0.189291758984156,0.105657048432147,0.0350414239015041,0.0262824184468321,0.475592052782725,0.169006995396551,0.0490204386609628,0.0549900339318783,0.0416887649764816,0.0462520028890249
RUS,0.0922447249821585,0.0961135538476209,0.156512298420113,0.168594451251561,0.0726590989830641,0.0602349083147842,0.0938952664566877,0.118808878229295,0.057761345103637,0.0495999670608136,0.0531380229283778,0.0503000233154425
SVK,0.0580150413560861,0.103427114068247,0.320100243475068,0.201180731368561,0.0559121289425354,0.041230759778151,0.231629389393327,0.192685055040265,0.0474301944411325,0.0367321638678636,0.0496855188281022,0.0399559177624514
SWE,0.05505109598728,0.0509370030465329,0.128320786984419,0.0763483892874922,0.0559337843003596,0.0456270916240284,0.137156840361565,0.123534433642474,0.0601763769668593,0.0740930616262443,0.0619272087714666,0.076434903479261
TWN,0.010175308188434,0.0258777058966269,0.134765320377394,0.0504800976861655,0.0166398527626946,0.0223436847973119,0.197369139796018,0.110101544210904,0.0130662603881542,0.0222651032355332,0.0129662505773488,0.022367458626196
UKR,0.0549094328633686,0.0799730860295993,0.157609140474808,0.118383869223082,0.0354818558639371,0.0448613235069634,0.143252660974793,0.06148060118132,0.0422702492012916,0.0471872019585477,0.0399512142902822,0.0494607765632208
USA,0.00613693001616876,0.017079462908313,0.0425902954360134,0.0326910496898746,0.00711928427206293,0.00982359242174388,0.0339856677659548,0.0457366112603467,0.00735172209181751,0.0192214729197038,0.00777240207813632,0.018272453884906
